{"stats":{"minecraft:killed":{"minecraft:spider":6,"minecraft:cod":10,"minecraft:skeleton":11,"minecraft:horse":3,"minecraft:pig":7,"minecraft:iron_golem":2,"minecraft:wandering_trader":1,"minecraft:sheep":5,"minecraft:trader_llama":2,"minecraft:zombie":24,"minecraft:villager":2,"minecraft:enderman":3},"minecraft:broken":{"minecraft:stone_hoe":1,"minecraft:shield":1,"minecraft:iron_axe":2,"minecraft:iron_pickaxe":1},"minecraft:custom":{"minecraft:interact_with_smithing_table":2,"minecraft:interact_with_anvil":25,"minecraft:mob_kills":76,"minecraft:inspect_hopper":13,"minecraft:interact_with_crafting_table":40,"minecraft:bell_ring":13,"minecraft:leave_game":4,"minecraft:time_since_death":548034,"minecraft:climb_one_cm":1334,"minecraft:sprint_one_cm":827484,"minecraft:damage_blocked_by_shield":2980,"minecraft:walk_one_cm":1034926,"minecraft:drop":119,"minecraft:talked_to_villager":965,"minecraft:play_time":548034,"minecraft:sneak_time":16648,"minecraft:walk_under_water_one_cm":48972,"minecraft:jump":6169,"minecraft:interact_with_blast_furnace":19,"minecraft:walk_on_water_one_cm":66703,"minecraft:total_world_time":548034,"minecraft:interact_with_furnace":28,"minecraft:traded_with_villager":1938,"minecraft:interact_with_grindstone":3,"minecraft:sleep_in_bed":32,"minecraft:time_since_rest":3704,"minecraft:damage_taken":2597,"minecraft:damage_dealt":13923,"minecraft:swim_one_cm":154662,"minecraft:fly_one_cm":1068431,"minecraft:open_chest":299,"minecraft:crouch_one_cm":43199,"minecraft:fall_one_cm":156866},"minecraft:mined":{"minecraft:tuff":65,"minecraft:spruce_planks":11,"minecraft:white_bed":10,"minecraft:mossy_cobblestone":2,"minecraft:deepslate_diamond_ore":33,"minecraft:oak_door":1,"minecraft:cobblestone_stairs":3,"minecraft:glow_lichen":1,"minecraft:granite":2,"minecraft:grass_block":122,"minecraft:spruce_leaves":301,"minecraft:composter":2,"minecraft:oak_trapdoor":5,"minecraft:spruce_sapling":17,"minecraft:furnace":1,"minecraft:iron_ore":72,"minecraft:fire":23,"minecraft:andesite":12,"minecraft:deepslate_lapis_ore":17,"minecraft:fletching_table":20,"minecraft:bell":2,"minecraft:bookshelf":14,"minecraft:water_cauldron":3,"minecraft:deepslate_iron_ore":48,"minecraft:oak_stairs":17,"minecraft:lantern":7,"minecraft:stripped_oak_log":116,"minecraft:stone":163,"minecraft:tripwire":3,"minecraft:podzol":3,"minecraft:oak_slab":9,"minecraft:deepslate_redstone_ore":16,"minecraft:glass_pane":1,"minecraft:dandelion":10,"minecraft:crafting_table":4,"minecraft:short_grass":149,"minecraft:blast_furnace":6,"minecraft:poppy":2,"minecraft:chest":7,"minecraft:lectern":476,"minecraft:tall_grass":38,"minecraft:cobblestone":40,"minecraft:deepslate_gold_ore":23,"minecraft:oak_planks":133,"minecraft:grindstone":2,"minecraft:sugar_cane":98,"minecraft:bricks":1,"minecraft:diorite":1,"minecraft:wall_torch":5,"minecraft:cobblestone_wall":1,"minecraft:wheat":1,"minecraft:spruce_log":2384,"minecraft:yellow_bed":4,"minecraft:coal_ore":45,"minecraft:oak_log":517,"minecraft:gravel":125,"minecraft:dirt":150,"minecraft:sand":17,"minecraft:oak_leaves":16,"minecraft:deepslate":90},"minecraft:used":{"minecraft:oak_trapdoor":8,"minecraft:stone_sword":34,"minecraft:iron_shovel":129,"minecraft:flint_and_steel":21,"minecraft:ladder":1,"minecraft:chest":15,"minecraft:spruce_planks":31,"minecraft:shield":41,"minecraft:iron_sword":31,"minecraft:cooked_salmon":12,"minecraft:bell":2,"minecraft:stone_hoe":215,"minecraft:torch":9,"minecraft:dirt":240,"minecraft:anvil":2,"minecraft:hopper":4,"minecraft:cobblestone_wall":1,"minecraft:diamond_helmet":1,"minecraft:tuff":65,"minecraft:glass":4,"minecraft:lava_bucket":8,"minecraft:bookshelf":14,"minecraft:lantern":17,"minecraft:iron_axe":1054,"minecraft:oak_stairs":1,"minecraft:tripwire_hook":2,"minecraft:golden_carrot":5,"minecraft:oak_sapling":2,"minecraft:furnace":4,"minecraft:cooked_cod":5,"minecraft:egg":2,"minecraft:cobbled_deepslate":70,"minecraft:water_bucket":97,"minecraft:diorite":1,"minecraft:stone_pickaxe":5,"minecraft:oak_planks":222,"minecraft:ender_pearl":1,"minecraft:wooden_pickaxe":25,"minecraft:composter":1,"minecraft:diamond_axe":2681,"minecraft:fletching_table":26,"minecraft:sugar_cane":67,"minecraft:sand":12,"minecraft:oak_slab":43,"minecraft:blast_furnace":5,"minecraft:crafting_table":8,"minecraft:white_bed":10,"minecraft:spruce_log":8,"minecraft:shears":2,"minecraft:oak_log":4,"minecraft:lever":1,"minecraft:diamond_pickaxe":196,"minecraft:diamond_shovel":158,"minecraft:iron_pickaxe":444,"minecraft:string":8,"minecraft:bread":69,"minecraft:lectern":480,"minecraft:gravel":31,"minecraft:spruce_sapling":146,"minecraft:stone_axe":69,"minecraft:green_carpet":4,"minecraft:diamond_sword":189,"minecraft:cobblestone":94,"minecraft:grindstone":3,"minecraft:smithing_table":1,"minecraft:andesite":7,"minecraft:bucket":105,"minecraft:yellow_bed":4,"minecraft:dandelion":1,"minecraft:bone_meal":1},"minecraft:picked_up":{"minecraft:crafting_table":4,"minecraft:ladder":1,"minecraft:lead":2,"minecraft:wooden_pickaxe":1,"minecraft:oak_stairs":17,"minecraft:potion":5,"minecraft:string":2579,"minecraft:oak_trapdoor":5,"minecraft:cooked_salmon":12,"minecraft:iron_shovel":1,"minecraft:cobbled_deepslate":93,"minecraft:spruce_planks":14,"minecraft:poppy":3,"minecraft:lectern":476,"minecraft:sugar_cane":194,"minecraft:chest":7,"minecraft:furnace":1,"minecraft:egg":3,"minecraft:stick":138,"minecraft:raw_iron":149,"minecraft:oak_door":1,"minecraft:composter":2,"minecraft:torch":17,"minecraft:porkchop":14,"minecraft:diorite":1,"minecraft:redstone":69,"minecraft:prismarine_crystals":23,"minecraft:cauldron":3,"minecraft:tnt":14,"minecraft:arrow":5,"minecraft:rotten_flesh":16,"minecraft:cooked_cod":26,"minecraft:gold_ingot":37,"minecraft:mutton":7,"minecraft:cod":10,"minecraft:white_wool":5,"minecraft:cobblestone":200,"minecraft:stripped_oak_log":115,"minecraft:leather_chestplate":2,"minecraft:glow_ink_sac":2,"minecraft:andesite":13,"minecraft:leather":7,"minecraft:potato":1,"minecraft:flint":13,"minecraft:tuff":65,"minecraft:oak_log":515,"minecraft:yellow_bed":4,"minecraft:cobblestone_wall":1,"minecraft:cobblestone_stairs":3,"minecraft:lapis_lazuli":113,"minecraft:dirt":287,"minecraft:lantern":12,"minecraft:bone":6,"minecraft:wheat_seeds":23,"minecraft:raw_gold":23,"minecraft:bell":2,"minecraft:rabbit_hide":1,"minecraft:heart_of_the_sea":7,"minecraft:iron_ingot":62,"minecraft:grindstone":2,"minecraft:fletching_table":20,"minecraft:iron_sword":3,"minecraft:oak_planks":132,"minecraft:book":42,"minecraft:oak_slab":9,"minecraft:dandelion":9,"minecraft:gravel":108,"minecraft:sand":17,"minecraft:spruce_sapling":289,"minecraft:blast_furnace":6,"minecraft:white_bed":10,"minecraft:grass_block":1,"minecraft:spruce_log":2384,"minecraft:green_carpet":4,"minecraft:spider_eye":4,"minecraft:mossy_cobblestone":2,"minecraft:diamond":39,"minecraft:diamond_axe":1,"minecraft:granite":2,"minecraft:bone_meal":1,"minecraft:emerald":37,"minecraft:oak_sapling":4,"minecraft:bricks":1,"minecraft:coal":89,"minecraft:ender_pearl":2},"minecraft:crafted":{"minecraft:golden_carrot":84,"minecraft:grindstone":1,"minecraft:oak_planks":2504,"minecraft:tripwire_hook":2,"minecraft:diamond_hoe":3,"minecraft:furnace":4,"minecraft:stone":3,"minecraft:lever":1,"minecraft:diamond_shovel":3,"minecraft:bookshelf":23,"minecraft:flint_and_steel":1,"minecraft:suspicious_stew":7,"minecraft:oak_trapdoor":4,"minecraft:lantern":22,"minecraft:glass":4,"minecraft:hopper":4,"minecraft:diamond_helmet":1,"minecraft:diamond_leggings":1,"minecraft:iron_boots":10,"minecraft:iron_axe":36,"minecraft:stone_pickaxe":1,"minecraft:chest":16,"minecraft:diamond_boots":1,"minecraft:stone_hoe":2,"minecraft:oak_slab":210,"minecraft:diamond_sword":1,"minecraft:emerald":1681,"minecraft:diamond_axe":11,"minecraft:crafting_table":4,"minecraft:spruce_planks":8736,"minecraft:wooden_pickaxe":1,"minecraft:smithing_table":1,"minecraft:fletching_table":6,"minecraft:bucket":1,"minecraft:stone_axe":11,"minecraft:enchanted_book":27,"minecraft:bread":180,"minecraft:air":0,"minecraft:apple":104,"minecraft:lectern":9,"minecraft:book":4,"minecraft:paper":126,"minecraft:diamond_pickaxe":1,"minecraft:shield":7,"minecraft:stick":20400,"minecraft:stone_slab":6,"minecraft:iron_ingot":116,"minecraft:chainmail_boots":12,"minecraft:iron_pickaxe":2,"minecraft:iron_block":6,"minecraft:stone_sword":1,"minecraft:iron_shovel":4,"minecraft:anvil":2,"minecraft:shears":1,"minecraft:diamond_chestplate":1},"minecraft:dropped":{"minecraft:stone_hoe":1,"minecraft:bread":114,"minecraft:iron_sword":2,"minecraft:diamond_axe":1,"minecraft:porkchop":14,"minecraft:wheat_seeds":20,"minecraft:glow_ink_sac":2,"minecraft:lead":2,"minecraft:cobblestone":40,"minecraft:prismarine_crystals":23,"minecraft:lantern":17,"minecraft:granite":2,"minecraft:emerald":1,"minecraft:stick":7,"minecraft:torch":4,"minecraft:mutton":7,"minecraft:potion":5,"minecraft:heart_of_the_sea":7,"minecraft:sand":1,"minecraft:iron_axe":3,"minecraft:iron_shovel":1,"minecraft:string":31,"minecraft:white_wool":1,"minecraft:dandelion":8,"minecraft:oak_door":1,"minecraft:gravel":60,"minecraft:furnace":1,"minecraft:sugar_cane":1,"minecraft:stone_sword":1,"minecraft:cobbled_deepslate":7,"minecraft:composter":1,"minecraft:rotten_flesh":16,"minecraft:iron_boots":1,"minecraft:oak_planks":1,"minecraft:poppy":3,"minecraft:rabbit_hide":1,"minecraft:leather_chestplate":2,"minecraft:potato":1,"minecraft:spruce_planks":3,"minecraft:andesite":6,"minecraft:oak_sapling":2,"minecraft:spider_eye":4,"minecraft:wooden_pickaxe":2,"minecraft:egg":1}},"DataVersion":3700}