{"stats":{"minecraft:killed":{"minecraft:pig":7,"minecraft:iron_golem":1,"minecraft:sheep":4,"minecraft:enderman":1},"minecraft:broken":{"minecraft:stone_hoe":1,"minecraft:iron_axe":1},"minecraft:custom":{"minecraft:mob_kills":13,"minecraft:interact_with_crafting_table":13,"minecraft:bell_ring":5,"minecraft:leave_game":2,"minecraft:time_since_death":171844,"minecraft:sprint_one_cm":242146,"minecraft:walk_one_cm":173649,"minecraft:damage_blocked_by_shield":315,"minecraft:drop":48,"minecraft:talked_to_villager":45,"minecraft:play_time":171844,"minecraft:sneak_time":4293,"minecraft:walk_under_water_one_cm":10190,"minecraft:jump":1571,"minecraft:walk_on_water_one_cm":13944,"minecraft:total_world_time":171844,"minecraft:interact_with_furnace":4,"minecraft:traded_with_villager":168,"minecraft:sleep_in_bed":6,"minecraft:time_since_rest":92447,"minecraft:damage_taken":579,"minecraft:damage_dealt":2450,"minecraft:swim_one_cm":71626,"minecraft:fly_one_cm":367986,"minecraft:open_chest":25,"minecraft:crouch_one_cm":11434,"minecraft:fall_one_cm":38265},"minecraft:used":{"minecraft:stone_sword":34,"minecraft:iron_shovel":129,"minecraft:spruce_planks":27,"minecraft:chest":7,"minecraft:shield":3,"minecraft:iron_sword":31,"minecraft:bell":2,"minecraft:cooked_salmon":12,"minecraft:stone_hoe":215,"minecraft:torch":1,"minecraft:dirt":23,"minecraft:cobblestone_wall":1,"minecraft:iron_axe":631,"minecraft:furnace":3,"minecraft:oak_sapling":2,"minecraft:egg":1,"minecraft:stone_pickaxe":5,"minecraft:oak_planks":181,"minecraft:ender_pearl":1,"minecraft:wooden_pickaxe":25,"minecraft:composter":1,"minecraft:fletching_table":26,"minecraft:sand":12,"minecraft:crafting_table":4,"minecraft:blast_furnace":3,"minecraft:white_bed":10,"minecraft:oak_log":4,"minecraft:bread":6,"minecraft:iron_pickaxe":18,"minecraft:gravel":31,"minecraft:stone_axe":69,"minecraft:yellow_bed":4,"minecraft:dandelion":1},"minecraft:mined":{"minecraft:spruce_planks":7,"minecraft:white_bed":10,"minecraft:oak_door":1,"minecraft:grass_block":7,"minecraft:spruce_leaves":224,"minecraft:composter":2,"minecraft:furnace":1,"minecraft:fletching_table":20,"minecraft:bell":2,"minecraft:water_cauldron":3,"minecraft:stripped_oak_log":116,"minecraft:stone":31,"minecraft:dandelion":10,"minecraft:crafting_table":2,"minecraft:short_grass":59,"minecraft:blast_furnace":4,"minecraft:poppy":1,"minecraft:chest":7,"minecraft:tall_grass":23,"minecraft:sugar_cane":27,"minecraft:oak_planks":9,"minecraft:wall_torch":1,"minecraft:cobblestone_wall":1,"minecraft:wheat":1,"minecraft:spruce_log":7,"minecraft:yellow_bed":4,"minecraft:oak_log":467,"minecraft:gravel":117,"minecraft:sand":13,"minecraft:dirt":19,"minecraft:oak_leaves":16},"minecraft:crafted":{"minecraft:oak_planks":2304,"minecraft:furnace":2,"minecraft:diamond_helmet":1,"minecraft:iron_boots":10,"minecraft:diamond_leggings":1,"minecraft:iron_axe":3,"minecraft:stone_pickaxe":1,"minecraft:diamond_boots":1,"minecraft:stone_hoe":2,"minecraft:emerald":135,"minecraft:crafting_table":2,"minecraft:spruce_planks":24,"minecraft:wooden_pickaxe":1,"minecraft:fletching_table":6,"minecraft:stone_axe":1,"minecraft:bread":6,"minecraft:air":0,"minecraft:shield":7,"minecraft:stick":4188,"minecraft:chainmail_boots":12,"minecraft:iron_pickaxe":1,"minecraft:stone_sword":1,"minecraft:iron_shovel":1,"minecraft:diamond_chestplate":1},"minecraft:picked_up":{"minecraft:crafting_table":2,"minecraft:wooden_pickaxe":1,"minecraft:potion":5,"minecraft:cooked_salmon":12,"minecraft:iron_shovel":1,"minecraft:spruce_planks":10,"minecraft:poppy":2,"minecraft:sugar_cane":61,"minecraft:chest":7,"minecraft:egg":2,"minecraft:furnace":1,"minecraft:stick":10,"minecraft:oak_door":1,"minecraft:composter":2,"minecraft:torch":3,"minecraft:porkchop":14,"minecraft:prismarine_crystals":23,"minecraft:cauldron":3,"minecraft:tnt":14,"minecraft:cooked_cod":26,"minecraft:gold_ingot":37,"minecraft:mutton":5,"minecraft:white_wool":4,"minecraft:cobblestone":31,"minecraft:stripped_oak_log":115,"minecraft:leather_chestplate":2,"minecraft:flint":12,"minecraft:oak_log":465,"minecraft:yellow_bed":4,"minecraft:cobblestone_wall":1,"minecraft:dirt":23,"minecraft:wheat_seeds":7,"minecraft:bell":2,"minecraft:heart_of_the_sea":7,"minecraft:iron_ingot":56,"minecraft:fletching_table":20,"minecraft:oak_planks":9,"minecraft:iron_sword":3,"minecraft:dandelion":9,"minecraft:gravel":104,"minecraft:sand":13,"minecraft:spruce_sapling":8,"minecraft:blast_furnace":4,"minecraft:grass_block":1,"minecraft:white_bed":10,"minecraft:spruce_log":7,"minecraft:diamond":6,"minecraft:emerald":37,"minecraft:oak_sapling":4,"minecraft:ender_pearl":1},"minecraft:dropped":{"minecraft:iron_sword":2,"minecraft:porkchop":14,"minecraft:wheat_seeds":5,"minecraft:cobblestone":2,"minecraft:prismarine_crystals":23,"minecraft:stick":7,"minecraft:torch":2,"minecraft:mutton":5,"minecraft:potion":5,"minecraft:heart_of_the_sea":7,"minecraft:iron_axe":2,"minecraft:sand":1,"minecraft:iron_shovel":1,"minecraft:dandelion":8,"minecraft:oak_door":1,"minecraft:gravel":56,"minecraft:stone_sword":1,"minecraft:composter":1,"minecraft:iron_boots":1,"minecraft:poppy":2,"minecraft:leather_chestplate":2,"minecraft:spruce_planks":3,"minecraft:oak_sapling":2,"minecraft:wooden_pickaxe":2,"minecraft:egg":1}},"DataVersion":3700}