{"stats":{"minecraft:killed":{"minecraft:skeleton":2,"minecraft:zombie":1,"minecraft:pig":8,"minecraft:salmon":1,"minecraft:spider":2,"minecraft:cod":1},"minecraft:used":{"minecraft:stone_sword":65,"minecraft:stone_pickaxe":9,"minecraft:oak_planks":57,"minecraft:wooden_pickaxe":31,"minecraft:stone_hoe":124,"minecraft:stone_axe":35,"minecraft:torch":12,"minecraft:dirt":10,"minecraft:crafting_table":4,"minecraft:oak_sapling":1,"minecraft:furnace":3,"minecraft:cooked_porkchop":5,"minecraft:oak_boat":1,"minecraft:smoker":1},"minecraft:dropped":{"minecraft:stone_hoe":1,"minecraft:wooden_pickaxe":1},"minecraft:mined":{"minecraft:furnace":2,"minecraft:smoker":1,"minecraft:crafting_table":3,"minecraft:grass_block":1,"minecraft:oak_log":37,"minecraft:dirt":9,"minecraft:spruce_leaves":147,"minecraft:stone":27,"minecraft:kelp":1,"minecraft:sugar_cane":2,"minecraft:oak_leaves":1},"minecraft:crafted":{"minecraft:oak_boat":1,"minecraft:oak_planks":120,"minecraft:stone_shovel":1,"minecraft:charcoal":3,"minecraft:cooked_porkchop":14,"minecraft:crafting_table":2,"minecraft:stick":16,"minecraft:wooden_pickaxe":1,"minecraft:stone_pickaxe":1,"minecraft:stone_sword":1,"minecraft:furnace":2,"minecraft:torch":12,"minecraft:stone_hoe":1,"minecraft:stone_axe":1,"minecraft:air":0,"minecraft:smoker":1},"minecraft:custom":{"minecraft:time_since_rest":19801,"minecraft:interact_with_furnace":6,"minecraft:sprint_one_cm":37203,"minecraft:damage_taken":340,"minecraft:walk_one_cm":37918,"minecraft:mob_kills":16,"minecraft:drop":2,"minecraft:damage_dealt":1968,"minecraft:swim_one_cm":4375,"minecraft:interact_with_crafting_table":6,"minecraft:fly_one_cm":53877,"minecraft:crouch_one_cm":2631,"minecraft:play_time":19801,"minecraft:sneak_time":684,"minecraft:walk_under_water_one_cm":7329,"minecraft:boat_one_cm":64845,"minecraft:jump":320,"minecraft:time_since_death":19801,"minecraft:leave_game":3,"minecraft:walk_on_water_one_cm":2729,"minecraft:interact_with_smoker":7,"minecraft:total_world_time":19801,"minecraft:fall_one_cm":7738},"minecraft:picked_up":{"minecraft:stick":14,"minecraft:crafting_table":3,"minecraft:cooked_porkchop":1,"minecraft:salmon":1,"minecraft:smoker":1,"minecraft:porkchop":21,"minecraft:oak_log":37,"minecraft:spruce_sapling":8,"minecraft:spider_eye":1,"minecraft:string":3,"minecraft:dirt":10,"minecraft:arrow":2,"minecraft:bone":1,"minecraft:rotten_flesh":1,"minecraft:kelp":1,"minecraft:oak_boat":1,"minecraft:oak_sapling":1,"minecraft:sugar_cane":2,"minecraft:cod":1,"minecraft:oak_planks":73,"minecraft:cobblestone":27,"minecraft:furnace":2}},"DataVersion":3465}