{"stats":{"minecraft:killed":{"minecraft:pig":7,"minecraft:iron_golem":1,"minecraft:sheep":4},"minecraft:broken":{"minecraft:iron_axe":1},"minecraft:custom":{"minecraft:interact_with_furnace":4,"minecraft:mob_kills":12,"minecraft:traded_with_villager":168,"minecraft:interact_with_crafting_table":10,"minecraft:bell_ring":5,"minecraft:leave_game":1,"minecraft:time_since_death":78303,"minecraft:sleep_in_bed":5,"minecraft:time_since_rest":10761,"minecraft:sprint_one_cm":203724,"minecraft:damage_taken":154,"minecraft:walk_one_cm":150041,"minecraft:drop":45,"minecraft:damage_dealt":2050,"minecraft:swim_one_cm":44824,"minecraft:fly_one_cm":269367,"minecraft:talked_to_villager":45,"minecraft:open_chest":25,"minecraft:crouch_one_cm":10919,"minecraft:play_time":78303,"minecraft:sneak_time":3797,"minecraft:walk_under_water_one_cm":7096,"minecraft:jump":1111,"minecraft:walk_on_water_one_cm":8336,"minecraft:total_world_time":78303,"minecraft:fall_one_cm":21210},"minecraft:mined":{"minecraft:white_bed":10,"minecraft:oak_door":1,"minecraft:dandelion":10,"minecraft:crafting_table":2,"minecraft:short_grass":49,"minecraft:blast_furnace":4,"minecraft:poppy":1,"minecraft:grass_block":7,"minecraft:chest":7,"minecraft:tall_grass":20,"minecraft:oak_planks":7,"minecraft:sugar_cane":17,"minecraft:composter":2,"minecraft:wall_torch":1,"minecraft:furnace":1,"minecraft:cobblestone_wall":1,"minecraft:wheat":1,"minecraft:fletching_table":20,"minecraft:yellow_bed":4,"minecraft:bell":2,"minecraft:oak_log":467,"minecraft:water_cauldron":3,"minecraft:sand":13,"minecraft:gravel":117,"minecraft:dirt":14,"minecraft:stripped_oak_log":116,"minecraft:stone":25,"minecraft:oak_leaves":11},"minecraft:used":{"minecraft:stone_sword":34,"minecraft:iron_shovel":129,"minecraft:stone_pickaxe":5,"minecraft:oak_planks":179,"minecraft:chest":7,"minecraft:wooden_pickaxe":25,"minecraft:iron_sword":15,"minecraft:composter":1,"minecraft:fletching_table":26,"minecraft:bell":2,"minecraft:cooked_salmon":10,"minecraft:torch":1,"minecraft:dirt":18,"minecraft:sand":12,"minecraft:crafting_table":3,"minecraft:blast_furnace":3,"minecraft:cobblestone_wall":1,"minecraft:white_bed":10,"minecraft:oak_log":4,"minecraft:iron_axe":615,"minecraft:iron_pickaxe":12,"minecraft:gravel":31,"minecraft:stone_axe":69,"minecraft:oak_sapling":2,"minecraft:furnace":3,"minecraft:egg":1,"minecraft:yellow_bed":4,"minecraft:dandelion":1},"minecraft:crafted":{"minecraft:oak_planks":2304,"minecraft:emerald":135,"minecraft:crafting_table":1,"minecraft:wooden_pickaxe":1,"minecraft:furnace":2,"minecraft:fletching_table":6,"minecraft:stone_axe":1,"minecraft:bread":6,"minecraft:air":0,"minecraft:diamond_helmet":1,"minecraft:diamond_leggings":1,"minecraft:iron_boots":10,"minecraft:shield":7,"minecraft:iron_axe":3,"minecraft:stick":4188,"minecraft:chainmail_boots":12,"minecraft:iron_pickaxe":1,"minecraft:stone_pickaxe":1,"minecraft:stone_sword":1,"minecraft:iron_shovel":1,"minecraft:diamond_boots":1,"minecraft:diamond_chestplate":1},"minecraft:picked_up":{"minecraft:stripped_oak_log":115,"minecraft:crafting_table":2,"minecraft:leather_chestplate":2,"minecraft:wooden_pickaxe":1,"minecraft:potion":5,"minecraft:flint":12,"minecraft:oak_log":465,"minecraft:yellow_bed":4,"minecraft:cobblestone_wall":1,"minecraft:dirt":18,"minecraft:cooked_salmon":12,"minecraft:iron_shovel":1,"minecraft:wheat_seeds":6,"minecraft:bell":2,"minecraft:heart_of_the_sea":7,"minecraft:iron_ingot":56,"minecraft:poppy":2,"minecraft:fletching_table":20,"minecraft:sugar_cane":39,"minecraft:chest":7,"minecraft:iron_sword":3,"minecraft:oak_planks":7,"minecraft:furnace":1,"minecraft:egg":2,"minecraft:stick":4,"minecraft:oak_door":1,"minecraft:composter":2,"minecraft:torch":3,"minecraft:dandelion":9,"minecraft:gravel":104,"minecraft:porkchop":14,"minecraft:sand":13,"minecraft:blast_furnace":4,"minecraft:white_bed":10,"minecraft:prismarine_crystals":23,"minecraft:cauldron":3,"minecraft:tnt":14,"minecraft:cooked_cod":26,"minecraft:diamond":6,"minecraft:gold_ingot":37,"minecraft:emerald":37,"minecraft:oak_sapling":4,"minecraft:mutton":5,"minecraft:white_wool":4,"minecraft:cobblestone":26},"minecraft:dropped":{"minecraft:oak_door":1,"minecraft:gravel":56,"minecraft:iron_sword":2,"minecraft:porkchop":14,"minecraft:wheat_seeds":4,"minecraft:stone_sword":1,"minecraft:composter":1,"minecraft:cobblestone":2,"minecraft:prismarine_crystals":23,"minecraft:iron_boots":1,"minecraft:stick":7,"minecraft:poppy":2,"minecraft:leather_chestplate":2,"minecraft:torch":2,"minecraft:mutton":5,"minecraft:oak_sapling":2,"minecraft:potion":5,"minecraft:sand":1,"minecraft:heart_of_the_sea":7,"minecraft:iron_axe":1,"minecraft:wooden_pickaxe":2,"minecraft:iron_shovel":1,"minecraft:dandelion":8,"minecraft:egg":1}},"DataVersion":3700}