{"stats":{"minecraft:killed":{"minecraft:spider":8,"minecraft:cod":10,"minecraft:skeleton":20,"minecraft:pig":7,"minecraft:iron_golem":2,"minecraft:creeper":3,"minecraft:sheep":5,"minecraft:trader_llama":2,"minecraft:zombie":34,"minecraft:blaze":21,"minecraft:slime":12,"minecraft:horse":3,"minecraft:wandering_trader":1,"minecraft:wither_skeleton":7,"minecraft:villager":2,"minecraft:enderman":4},"minecraft:broken":{"minecraft:stone_hoe":1,"minecraft:shield":1,"minecraft:iron_axe":2,"minecraft:iron_pickaxe":1},"minecraft:killed_by":{"minecraft:zombie":1},"minecraft:custom":{"minecraft:interact_with_crafting_table":43,"minecraft:bell_ring":13,"minecraft:leave_game":4,"minecraft:time_since_death":22413,"minecraft:sprint_one_cm":993585,"minecraft:damage_blocked_by_shield":2980,"minecraft:drop":145,"minecraft:talked_to_villager":1020,"minecraft:play_time":638034,"minecraft:deaths":1,"minecraft:jump":7769,"minecraft:walk_on_water_one_cm":88899,"minecraft:enchant_item":1,"minecraft:interact_with_furnace":28,"minecraft:traded_with_villager":2422,"minecraft:sleep_in_bed":35,"minecraft:damage_dealt":24882,"minecraft:crouch_one_cm":63361,"minecraft:interact_with_smithing_table":2,"minecraft:mob_kills":141,"minecraft:interact_with_anvil":31,"minecraft:inspect_hopper":15,"minecraft:climb_one_cm":1334,"minecraft:walk_one_cm":1181704,"minecraft:sneak_time":22539,"minecraft:walk_under_water_one_cm":65335,"minecraft:interact_with_blast_furnace":30,"minecraft:total_world_time":638034,"minecraft:interact_with_grindstone":3,"minecraft:time_since_rest":21826,"minecraft:damage_taken":4572,"minecraft:swim_one_cm":204067,"minecraft:fly_one_cm":1374126,"minecraft:open_chest":345,"minecraft:fall_one_cm":214109},"minecraft:used":{"minecraft:iron_shovel":129,"minecraft:ladder":1,"minecraft:chest":15,"minecraft:shield":41,"minecraft:iron_sword":31,"minecraft:bell":2,"minecraft:nether_bricks":3,"minecraft:tuff":65,"minecraft:glass":4,"minecraft:lava_bucket":10,"minecraft:lantern":17,"minecraft:furnace":4,"minecraft:oak_sapling":2,"minecraft:cooked_cod":5,"minecraft:egg":2,"minecraft:diorite":1,"minecraft:stone_pickaxe":5,"minecraft:oak_planks":222,"minecraft:ender_pearl":1,"minecraft:wooden_pickaxe":25,"minecraft:composter":1,"minecraft:diamond_axe":2681,"minecraft:sugar_cane":67,"minecraft:sand":12,"minecraft:blast_furnace":5,"minecraft:shears":2,"minecraft:lever":1,"minecraft:bread":69,"minecraft:string":15,"minecraft:lectern":480,"minecraft:gravel":31,"minecraft:diamond_sword":330,"minecraft:grindstone":3,"minecraft:smithing_table":1,"minecraft:andesite":7,"minecraft:bone_meal":1,"minecraft:oak_trapdoor":8,"minecraft:enchanting_table":2,"minecraft:stone_sword":34,"minecraft:flint_and_steel":23,"minecraft:spruce_planks":31,"minecraft:cooked_salmon":12,"minecraft:stone_hoe":215,"minecraft:netherrack":221,"minecraft:torch":9,"minecraft:dirt":240,"minecraft:anvil":3,"minecraft:hopper":4,"minecraft:cobblestone_wall":1,"minecraft:diamond_helmet":1,"minecraft:bookshelf":29,"minecraft:iron_axe":1054,"minecraft:oak_stairs":1,"minecraft:tripwire_hook":2,"minecraft:golden_carrot":29,"minecraft:soul_soil":19,"minecraft:cobbled_deepslate":197,"minecraft:water_bucket":143,"minecraft:fletching_table":26,"minecraft:oak_slab":43,"minecraft:crafting_table":8,"minecraft:white_bed":10,"minecraft:spruce_log":8,"minecraft:oak_log":4,"minecraft:diamond_pickaxe":871,"minecraft:diamond_shovel":221,"minecraft:iron_pickaxe":444,"minecraft:spruce_sapling":146,"minecraft:stone_axe":69,"minecraft:green_carpet":4,"minecraft:cobblestone":111,"minecraft:bucket":154,"minecraft:yellow_bed":4,"minecraft:dandelion":1},"minecraft:mined":{"minecraft:spruce_planks":11,"minecraft:white_bed":10,"minecraft:cobblestone_stairs":3,"minecraft:obsidian":5,"minecraft:granite":2,"minecraft:grass_block":122,"minecraft:soul_soil":23,"minecraft:composter":2,"minecraft:nether_wart":15,"minecraft:spawner":1,"minecraft:iron_ore":74,"minecraft:fire":28,"minecraft:cobbled_deepslate":1,"minecraft:fletching_table":20,"minecraft:deepslate_lapis_ore":17,"minecraft:nether_brick_stairs":2,"minecraft:enchanting_table":1,"minecraft:sculk_shrieker":1,"minecraft:water_cauldron":3,"minecraft:oak_stairs":17,"minecraft:tripwire":10,"minecraft:deepslate_redstone_ore":16,"minecraft:blast_furnace":6,"minecraft:poppy":2,"minecraft:chest":7,"minecraft:nether_quartz_ore":1,"minecraft:cobblestone":42,"minecraft:sugar_cane":98,"minecraft:grindstone":2,"minecraft:oak_planks":133,"minecraft:bricks":1,"minecraft:wall_torch":5,"minecraft:wheat":1,"minecraft:oak_log":517,"minecraft:sand":17,"minecraft:dirt":150,"minecraft:netherrack":401,"minecraft:oak_leaves":16,"minecraft:deepslate":226,"minecraft:tuff":66,"minecraft:mossy_cobblestone":2,"minecraft:deepslate_diamond_ore":67,"minecraft:oak_door":1,"minecraft:glow_lichen":1,"minecraft:nether_bricks":18,"minecraft:spruce_leaves":301,"minecraft:oak_trapdoor":5,"minecraft:spruce_sapling":17,"minecraft:furnace":1,"minecraft:andesite":12,"minecraft:bell":2,"minecraft:bookshelf":14,"minecraft:deepslate_iron_ore":83,"minecraft:lantern":7,"minecraft:stripped_oak_log":116,"minecraft:stone":176,"minecraft:bone_block":10,"minecraft:podzol":3,"minecraft:oak_slab":9,"minecraft:glass_pane":1,"minecraft:soul_sand":24,"minecraft:dandelion":10,"minecraft:crafting_table":4,"minecraft:short_grass":149,"minecraft:lectern":476,"minecraft:tall_grass":38,"minecraft:deepslate_gold_ore":34,"minecraft:diorite":1,"minecraft:cobblestone_wall":1,"minecraft:spruce_log":2384,"minecraft:yellow_bed":4,"minecraft:coal_ore":45,"minecraft:gravel":125},"minecraft:picked_up":{"minecraft:diamond_sword":1,"minecraft:lead":2,"minecraft:oak_stairs":17,"minecraft:potion":5,"minecraft:string":2586,"minecraft:soul_soil":19,"minecraft:cooked_salmon":12,"minecraft:diamond_leggings":1,"minecraft:cobbled_deepslate":225,"minecraft:spruce_planks":14,"minecraft:furnace":1,"minecraft:stick":138,"minecraft:composter":2,"minecraft:torch":17,"minecraft:porkchop":14,"minecraft:diorite":1,"minecraft:cauldron":3,"minecraft:rotten_flesh":27,"minecraft:blaze_rod":10,"minecraft:obsidian":5,"minecraft:cod":10,"minecraft:cobblestone":218,"minecraft:enchanting_table":1,"minecraft:leather_chestplate":2,"minecraft:water_bucket":1,"minecraft:andesite":13,"minecraft:potato":1,"minecraft:flint":13,"minecraft:tuff":66,"minecraft:lapis_lazuli":113,"minecraft:dirt":287,"minecraft:lantern":12,"minecraft:bone":16,"minecraft:wheat_seeds":23,"minecraft:raw_gold":34,"minecraft:bell":2,"minecraft:grindstone":2,"minecraft:diamond_helmet":1,"minecraft:fletching_table":20,"minecraft:oak_planks":132,"minecraft:sand":17,"minecraft:nether_brick_stairs":2,"minecraft:grass_block":1,"minecraft:mossy_cobblestone":2,"minecraft:diamond":73,"minecraft:granite":2,"minecraft:bone_meal":1,"minecraft:emerald":46,"minecraft:oak_sapling":4,"minecraft:netherrack":347,"minecraft:bricks":1,"minecraft:diamond_pickaxe":1,"minecraft:crafting_table":4,"minecraft:nether_wart":20,"minecraft:ladder":1,"minecraft:wooden_pickaxe":1,"minecraft:oak_trapdoor":5,"minecraft:iron_shovel":1,"minecraft:poppy":3,"minecraft:lectern":476,"minecraft:sugar_cane":194,"minecraft:chest":7,"minecraft:egg":3,"minecraft:raw_iron":186,"minecraft:oak_door":1,"minecraft:redstone":69,"minecraft:prismarine_crystals":23,"minecraft:tnt":14,"minecraft:diamond_chestplate":1,"minecraft:arrow":11,"minecraft:cooked_cod":26,"minecraft:nether_bricks":18,"minecraft:diamond_boots":1,"minecraft:gold_ingot":37,"minecraft:mutton":7,"minecraft:white_wool":5,"minecraft:bone_block":10,"minecraft:stripped_oak_log":115,"minecraft:golden_carrot":87,"minecraft:glow_ink_sac":6,"minecraft:leather":7,"minecraft:oak_log":515,"minecraft:cobblestone_wall":1,"minecraft:yellow_bed":4,"minecraft:gunpowder":1,"minecraft:cobblestone_stairs":3,"minecraft:heart_of_the_sea":7,"minecraft:rabbit_hide":1,"minecraft:iron_ingot":62,"minecraft:soul_sand":22,"minecraft:iron_sword":3,"minecraft:book":54,"minecraft:oak_slab":9,"minecraft:quartz":1,"minecraft:dandelion":9,"minecraft:gravel":108,"minecraft:spruce_sapling":289,"minecraft:blast_furnace":6,"minecraft:white_bed":10,"minecraft:spruce_log":2384,"minecraft:green_carpet":4,"minecraft:spider_eye":5,"minecraft:diamond_shovel":3,"minecraft:slime_ball":7,"minecraft:diamond_axe":2,"minecraft:coal":91,"minecraft:ender_pearl":3},"minecraft:crafted":{"minecraft:grindstone":1,"minecraft:oak_planks":2504,"minecraft:blaze_powder":20,"minecraft:stone":3,"minecraft:lever":1,"minecraft:diamond_shovel":6,"minecraft:bookshelf":38,"minecraft:suspicious_stew":7,"minecraft:hopper":4,"minecraft:glass":4,"minecraft:diamond_helmet":1,"minecraft:diamond_leggings":1,"minecraft:iron_boots":10,"minecraft:chest":16,"minecraft:stone_hoe":2,"minecraft:oak_slab":210,"minecraft:emerald":2131,"minecraft:diamond_axe":15,"minecraft:crafting_table":4,"minecraft:spruce_planks":9504,"minecraft:wooden_pickaxe":1,"minecraft:smithing_table":1,"minecraft:fletching_table":6,"minecraft:apple":104,"minecraft:lectern":9,"minecraft:diamond_pickaxe":1,"minecraft:book":4,"minecraft:paper":126,"minecraft:shield":7,"minecraft:stick":23152,"minecraft:stone_slab":6,"minecraft:iron_ingot":153,"minecraft:iron_pickaxe":2,"minecraft:iron_block":11,"minecraft:stone_sword":1,"minecraft:gold_ingot":34,"minecraft:shears":1,"minecraft:golden_carrot":120,"minecraft:tripwire_hook":2,"minecraft:diamond_hoe":3,"minecraft:furnace":4,"minecraft:oak_trapdoor":4,"minecraft:flint_and_steel":1,"minecraft:lantern":22,"minecraft:iron_axe":36,"minecraft:stone_pickaxe":1,"minecraft:diamond_boots":1,"minecraft:diamond_sword":1,"minecraft:enchanting_table":1,"minecraft:bucket":1,"minecraft:stone_axe":11,"minecraft:enchanted_book":27,"minecraft:bread":180,"minecraft:air":0,"minecraft:chainmail_boots":12,"minecraft:iron_shovel":4,"minecraft:anvil":3,"minecraft:diamond_chestplate":1},"minecraft:dropped":{"minecraft:nether_brick_stairs":2,"minecraft:iron_sword":2,"minecraft:porkchop":14,"minecraft:diamond_axe":1,"minecraft:glow_ink_sac":2,"minecraft:lantern":17,"minecraft:emerald":1,"minecraft:mutton":7,"minecraft:sand":1,"minecraft:white_wool":1,"minecraft:bone":6,"minecraft:oak_door":1,"minecraft:gravel":60,"minecraft:sugar_cane":1,"minecraft:cobbled_deepslate":12,"minecraft:rotten_flesh":27,"minecraft:oak_planks":1,"minecraft:poppy":3,"minecraft:rabbit_hide":1,"minecraft:leather_chestplate":2,"minecraft:arrow":6,"minecraft:quartz":1,"minecraft:netherrack":98,"minecraft:egg":1,"minecraft:stone_hoe":1,"minecraft:bread":114,"minecraft:wheat_seeds":20,"minecraft:prismarine_crystals":23,"minecraft:cobblestone":40,"minecraft:lead":2,"minecraft:granite":2,"minecraft:coal":2,"minecraft:stick":14,"minecraft:torch":4,"minecraft:potion":5,"minecraft:heart_of_the_sea":7,"minecraft:iron_axe":3,"minecraft:iron_shovel":1,"minecraft:string":31,"minecraft:dandelion":8,"minecraft:furnace":1,"minecraft:stone_sword":1,"minecraft:tuff":1,"minecraft:composter":1,"minecraft:iron_boots":1,"minecraft:nether_bricks":15,"minecraft:potato":1,"minecraft:spruce_planks":3,"minecraft:andesite":6,"minecraft:oak_sapling":2,"minecraft:spider_eye":5,"minecraft:wooden_pickaxe":2}},"DataVersion":3700}