{"stats":{"minecraft:custom":{"minecraft:interact_with_crafting_table":44,"minecraft:bell_ring":13,"minecraft:leave_game":9,"minecraft:time_since_death":202455,"minecraft:sprint_one_cm":1444772,"minecraft:damage_blocked_by_shield":2980,"minecraft:drop":258,"minecraft:talked_to_villager":1036,"minecraft:play_time":818119,"minecraft:deaths":1,"minecraft:jump":12123,"minecraft:walk_on_water_one_cm":127588,"minecraft:enchant_item":1,"minecraft:interact_with_furnace":28,"minecraft:traded_with_villager":2457,"minecraft:sleep_in_bed":37,"minecraft:open_enderchest":4,"minecraft:damage_dealt":61487,"minecraft:crouch_one_cm":141298,"minecraft:interact_with_smithing_table":2,"minecraft:mob_kills":280,"minecraft:interact_with_anvil":34,"minecraft:inspect_hopper":15,"minecraft:climb_one_cm":4137,"minecraft:walk_one_cm":1575130,"minecraft:sneak_time":44636,"minecraft:walk_under_water_one_cm":96071,"minecraft:interact_with_blast_furnace":30,"minecraft:total_world_time":818119,"minecraft:interact_with_grindstone":3,"minecraft:time_since_rest":71945,"minecraft:damage_taken":11807,"minecraft:swim_one_cm":231143,"minecraft:fly_one_cm":2938693,"minecraft:open_chest":382,"minecraft:fall_one_cm":354995},"minecraft:mined":{"minecraft:spruce_planks":11,"minecraft:white_bed":10,"minecraft:cobblestone_stairs":3,"minecraft:obsidian":21,"minecraft:granite":7,"minecraft:grass_block":123,"minecraft:cracked_polished_blackstone_bricks":1,"minecraft:soul_soil":37,"minecraft:composter":2,"minecraft:nether_wart":15,"minecraft:spawner":2,"minecraft:polished_blackstone_bricks":8,"minecraft:magma_block":12,"minecraft:iron_ore":74,"minecraft:cobbled_deepslate":1,"minecraft:fire":34,"minecraft:fletching_table":20,"minecraft:deepslate_lapis_ore":17,"minecraft:nether_brick_stairs":2,"minecraft:enchanting_table":1,"minecraft:sculk_shrieker":1,"minecraft:dirt_path":1,"minecraft:water_cauldron":3,"minecraft:iron_bars":3,"minecraft:oak_stairs":17,"minecraft:tripwire":10,"minecraft:deepslate_redstone_ore":16,"minecraft:quartz_block":2,"minecraft:blackstone":55,"minecraft:crimson_nylium":9,"minecraft:twisting_vines_plant":1,"minecraft:soul_fire":8,"minecraft:purpur_stairs":1,"minecraft:blast_furnace":6,"minecraft:poppy":2,"minecraft:chest":7,"minecraft:nether_quartz_ore":141,"minecraft:cobblestone":44,"minecraft:grindstone":2,"minecraft:sugar_cane":98,"minecraft:oak_planks":133,"minecraft:bricks":1,"minecraft:iron_door":13,"minecraft:wall_torch":6,"minecraft:warped_nylium":5,"minecraft:wheat":1,"minecraft:purpur_block":1,"minecraft:oak_log":517,"minecraft:smooth_quartz":1,"minecraft:sand":17,"minecraft:dirt":153,"minecraft:infested_cracked_stone_bricks":1,"minecraft:netherrack":3654,"minecraft:ancient_debris":1,"minecraft:oak_leaves":17,"minecraft:deepslate":471,"minecraft:nether_gold_ore":17,"minecraft:tuff":77,"minecraft:mossy_cobblestone":2,"minecraft:deepslate_diamond_ore":67,"minecraft:oak_door":1,"minecraft:end_stone":8,"minecraft:glow_lichen":1,"minecraft:nether_bricks":118,"minecraft:spruce_leaves":301,"minecraft:oak_trapdoor":5,"minecraft:spruce_sapling":17,"minecraft:furnace":1,"minecraft:polished_basalt":1,"minecraft:nether_sprouts":1,"minecraft:andesite":26,"minecraft:gold_block":15,"minecraft:bell":2,"minecraft:bookshelf":14,"minecraft:deepslate_iron_ore":85,"minecraft:lantern":7,"minecraft:stripped_oak_log":116,"minecraft:stone":210,"minecraft:bone_block":10,"minecraft:ender_chest":2,"minecraft:podzol":3,"minecraft:oak_slab":9,"minecraft:glass_pane":1,"minecraft:soul_sand":30,"minecraft:infested_stone_bricks":1,"minecraft:basalt":357,"minecraft:dandelion":10,"minecraft:crafting_table":4,"minecraft:short_grass":149,"minecraft:warped_roots":2,"minecraft:lectern":476,"minecraft:tall_grass":39,"minecraft:deepslate_gold_ore":34,"minecraft:diorite":8,"minecraft:warped_wart_block":1,"minecraft:cobblestone_wall":1,"minecraft:spruce_log":2384,"minecraft:yellow_bed":4,"minecraft:coal_ore":47,"minecraft:gravel":125,"minecraft:cracked_stone_bricks":2,"minecraft:stone_bricks":2,"minecraft:mossy_stone_bricks":8},"minecraft:killed":{"minecraft:spider":9,"minecraft:cod":10,"minecraft:shulker":11,"minecraft:skeleton":23,"minecraft:magma_cube":12,"minecraft:piglin":3,"minecraft:pig":7,"minecraft:salmon":1,"minecraft:iron_golem":2,"minecraft:ender_dragon":1,"minecraft:creeper":4,"minecraft:sheep":5,"minecraft:trader_llama":2,"minecraft:zombie":37,"minecraft:blaze":29,"minecraft:slime":12,"minecraft:horse":3,"minecraft:wandering_trader":1,"minecraft:wither_skeleton":30,"minecraft:villager":2,"minecraft:enderman":70},"minecraft:used":{"minecraft:iron_shovel":129,"minecraft:ladder":1,"minecraft:chest":15,"minecraft:shield":41,"minecraft:iron_sword":31,"minecraft:bell":2,"minecraft:soul_sand":2,"minecraft:nether_bricks":3,"minecraft:tuff":65,"minecraft:obsidian":13,"minecraft:glass":4,"minecraft:lava_bucket":10,"minecraft:lantern":17,"minecraft:warped_nylium":1,"minecraft:bow":1,"minecraft:oak_sapling":2,"minecraft:furnace":4,"minecraft:cooked_cod":5,"minecraft:egg":3,"minecraft:diorite":1,"minecraft:stone_pickaxe":5,"minecraft:oak_planks":222,"minecraft:ender_pearl":29,"minecraft:blackstone":22,"minecraft:wooden_pickaxe":25,"minecraft:composter":1,"minecraft:diamond_axe":2693,"minecraft:sugar_cane":67,"minecraft:sand":12,"minecraft:blast_furnace":5,"minecraft:end_stone":5,"minecraft:shears":2,"minecraft:lever":1,"minecraft:string":15,"minecraft:bread":69,"minecraft:lectern":480,"minecraft:gravel":31,"minecraft:diamond_sword":809,"minecraft:grindstone":3,"minecraft:smithing_table":1,"minecraft:andesite":7,"minecraft:bone_meal":7,"minecraft:oak_trapdoor":8,"minecraft:enchanting_table":2,"minecraft:stone_sword":34,"minecraft:flint_and_steel":27,"minecraft:spruce_planks":31,"minecraft:ender_chest":1,"minecraft:cooked_salmon":12,"minecraft:stone_hoe":215,"minecraft:netherrack":1467,"minecraft:torch":10,"minecraft:dirt":241,"minecraft:anvil":3,"minecraft:hopper":4,"minecraft:cobblestone_wall":1,"minecraft:diamond_helmet":1,"minecraft:bookshelf":29,"minecraft:iron_axe":1054,"minecraft:oak_stairs":1,"minecraft:basalt":145,"minecraft:tripwire_hook":2,"minecraft:golden_carrot":112,"minecraft:soul_soil":19,"minecraft:cobbled_deepslate":360,"minecraft:water_bucket":214,"minecraft:fletching_table":26,"minecraft:oak_slab":43,"minecraft:crafting_table":8,"minecraft:white_bed":10,"minecraft:spruce_log":8,"minecraft:oak_log":4,"minecraft:ender_eye":19,"minecraft:diamond_pickaxe":5239,"minecraft:diamond_shovel":241,"minecraft:iron_pickaxe":445,"minecraft:spruce_sapling":146,"minecraft:stone_axe":69,"minecraft:green_carpet":4,"minecraft:cobblestone":111,"minecraft:potion":4,"minecraft:bucket":225,"minecraft:yellow_bed":4,"minecraft:dandelion":1},"minecraft:broken":{"minecraft:stone_hoe":1,"minecraft:shield":1,"minecraft:iron_axe":2,"minecraft:iron_pickaxe":1},"minecraft:killed_by":{"minecraft:zombie":1},"minecraft:dropped":{"minecraft:nether_brick_stairs":2,"minecraft:iron_sword":2,"minecraft:soul_sand":67,"minecraft:porkchop":14,"minecraft:diamond_axe":1,"minecraft:glow_ink_sac":2,"minecraft:glass_bottle":4,"minecraft:warped_roots":12,"minecraft:lantern":17,"minecraft:leather":54,"minecraft:purpur_stairs":1,"minecraft:emerald":1,"minecraft:dirt":5,"minecraft:mutton":7,"minecraft:crimson_roots":1,"minecraft:gold_nugget":62,"minecraft:bone_meal":9,"minecraft:sand":1,"minecraft:white_wool":1,"minecraft:gold_ingot":135,"minecraft:bone":6,"minecraft:oak_door":1,"minecraft:gravel":124,"minecraft:purpur_block":1,"minecraft:blackstone":49,"minecraft:sugar_cane":1,"minecraft:iron_nugget":137,"minecraft:cobbled_deepslate":21,"minecraft:nether_brick":2,"minecraft:obsidian":7,"minecraft:rotten_flesh":29,"minecraft:oak_planks":1,"minecraft:end_stone":8,"minecraft:salmon":1,"minecraft:shulker_shell":1,"minecraft:poppy":3,"minecraft:rabbit_hide":1,"minecraft:leather_chestplate":2,"minecraft:arrow":9,"minecraft:warped_wart_block":1,"minecraft:crying_obsidian":9,"minecraft:quartz":1,"minecraft:netherrack":216,"minecraft:egg":2,"minecraft:stone_hoe":1,"minecraft:bread":114,"minecraft:wheat_seeds":20,"minecraft:lead":2,"minecraft:cobblestone":43,"minecraft:prismarine_crystals":23,"minecraft:spectral_arrow":57,"minecraft:granite":2,"minecraft:coal":6,"minecraft:stick":14,"minecraft:torch":4,"minecraft:fire_charge":6,"minecraft:potion":5,"minecraft:heart_of_the_sea":7,"minecraft:iron_axe":3,"minecraft:iron_shovel":1,"minecraft:string":52,"minecraft:dandelion":8,"minecraft:furnace":1,"minecraft:warped_nylium":5,"minecraft:soul_soil":20,"minecraft:stone_sword":6,"minecraft:tuff":1,"minecraft:composter":1,"minecraft:iron_boots":1,"minecraft:ender_eye":1,"minecraft:nether_bricks":109,"minecraft:potato":1,"minecraft:spruce_planks":3,"minecraft:diamond_pickaxe":1,"minecraft:andesite":6,"minecraft:oak_sapling":2,"minecraft:spider_eye":6,"minecraft:wooden_pickaxe":2,"minecraft:magma_cream":1,"minecraft:magma_block":24},"minecraft:crafted":{"minecraft:grindstone":1,"minecraft:oak_planks":2504,"minecraft:blaze_powder":26,"minecraft:stone":3,"minecraft:lever":1,"minecraft:diamond_shovel":6,"minecraft:bookshelf":38,"minecraft:suspicious_stew":7,"minecraft:glass":4,"minecraft:hopper":4,"minecraft:bow":3,"minecraft:diamond_helmet":1,"minecraft:diamond_leggings":1,"minecraft:iron_boots":10,"minecraft:tipped_arrow":60,"minecraft:chest":16,"minecraft:stone_hoe":2,"minecraft:ender_eye":16,"minecraft:oak_slab":210,"minecraft:arrow":128,"minecraft:emerald":2131,"minecraft:diamond_axe":15,"minecraft:crafting_table":4,"minecraft:spruce_planks":9504,"minecraft:wooden_pickaxe":1,"minecraft:smithing_table":1,"minecraft:fletching_table":6,"minecraft:apple":104,"minecraft:lectern":9,"minecraft:book":4,"minecraft:paper":126,"minecraft:diamond_pickaxe":1,"minecraft:shield":7,"minecraft:stick":23152,"minecraft:stone_slab":6,"minecraft:iron_ingot":153,"minecraft:iron_pickaxe":2,"minecraft:iron_block":11,"minecraft:stone_sword":1,"minecraft:gold_ingot":34,"minecraft:shears":1,"minecraft:golden_carrot":156,"minecraft:tripwire_hook":2,"minecraft:diamond_hoe":3,"minecraft:furnace":4,"minecraft:bone_meal":12,"minecraft:oak_trapdoor":4,"minecraft:flint_and_steel":1,"minecraft:lantern":22,"minecraft:iron_axe":36,"minecraft:stone_pickaxe":1,"minecraft:diamond_boots":1,"minecraft:diamond_sword":1,"minecraft:enchanting_table":1,"minecraft:bucket":1,"minecraft:stone_axe":11,"minecraft:enchanted_book":27,"minecraft:air":0,"minecraft:bread":180,"minecraft:chainmail_boots":12,"minecraft:iron_shovel":4,"minecraft:anvil":3,"minecraft:diamond_chestplate":1},"minecraft:picked_up":{"minecraft:shulker_shell":7,"minecraft:ender_chest":1,"minecraft:lead":2,"minecraft:diamond_sword":1,"minecraft:oak_stairs":17,"minecraft:potion":9,"minecraft:enchanted_book":1,"minecraft:nether_brick":2,"minecraft:string":2607,"minecraft:soul_soil":39,"minecraft:cooked_salmon":12,"minecraft:diamond_leggings":1,"minecraft:gold_nugget":62,"minecraft:cobbled_deepslate":477,"minecraft:spruce_planks":14,"minecraft:ender_eye":4,"minecraft:furnace":1,"minecraft:stick":140,"minecraft:composter":2,"minecraft:torch":18,"minecraft:porkchop":14,"minecraft:diorite":8,"minecraft:cauldron":3,"minecraft:stone_sword":5,"minecraft:rotten_flesh":33,"minecraft:blaze_rod":13,"minecraft:iron_bars":10,"minecraft:obsidian":42,"minecraft:cod":10,"minecraft:cobblestone":256,"minecraft:enchanting_table":1,"minecraft:magma_block":24,"minecraft:leather_chestplate":2,"minecraft:magma_cream":1,"minecraft:water_bucket":1,"minecraft:andesite":27,"minecraft:potato":1,"minecraft:flint":13,"minecraft:tuff":77,"minecraft:lapis_lazuli":113,"minecraft:dirt":293,"minecraft:lantern":12,"minecraft:bone":41,"minecraft:wheat_seeds":23,"minecraft:raw_gold":34,"minecraft:bell":2,"minecraft:grindstone":2,"minecraft:mossy_stone_bricks":7,"minecraft:diamond_helmet":1,"minecraft:fletching_table":20,"minecraft:oak_planks":132,"minecraft:warped_wart_block":1,"minecraft:sand":17,"minecraft:nether_brick_stairs":2,"minecraft:grass_block":1,"minecraft:spectral_arrow":57,"minecraft:mossy_cobblestone":2,"minecraft:diamond":73,"minecraft:granite":7,"minecraft:bone_meal":4,"minecraft:emerald":46,"minecraft:oak_sapling":4,"minecraft:netherrack":1737,"minecraft:bricks":1,"minecraft:crimson_roots":1,"minecraft:diamond_pickaxe":2,"minecraft:crafting_table":4,"minecraft:ladder":1,"minecraft:nether_wart":20,"minecraft:wooden_pickaxe":1,"minecraft:gold_block":15,"minecraft:purpur_block":1,"minecraft:elytra":1,"minecraft:oak_trapdoor":5,"minecraft:iron_shovel":1,"minecraft:blackstone":71,"minecraft:cracked_stone_bricks":2,"minecraft:iron_nugget":137,"minecraft:poppy":3,"minecraft:lectern":476,"minecraft:sugar_cane":197,"minecraft:chest":7,"minecraft:egg":5,"minecraft:raw_iron":188,"minecraft:end_stone":13,"minecraft:oak_door":1,"minecraft:fire_charge":6,"minecraft:redstone":69,"minecraft:prismarine_crystals":23,"minecraft:tnt":14,"minecraft:cooked_cod":26,"minecraft:arrow":14,"minecraft:diamond_chestplate":1,"minecraft:nether_bricks":112,"minecraft:diamond_boots":1,"minecraft:gold_ingot":97,"minecraft:mutton":7,"minecraft:bone_block":10,"minecraft:white_wool":5,"minecraft:stripped_oak_log":115,"minecraft:basalt":145,"minecraft:golden_carrot":87,"minecraft:glow_ink_sac":6,"minecraft:salmon":1,"minecraft:leather":61,"minecraft:purpur_stairs":1,"minecraft:oak_log":515,"minecraft:ancient_debris":1,"minecraft:cobblestone_wall":1,"minecraft:yellow_bed":4,"minecraft:gunpowder":2,"minecraft:cobblestone_stairs":3,"minecraft:stone_bricks":2,"minecraft:heart_of_the_sea":7,"minecraft:rabbit_hide":1,"minecraft:iron_ingot":62,"minecraft:iron_sword":3,"minecraft:soul_sand":93,"minecraft:book":54,"minecraft:oak_slab":9,"minecraft:quartz":129,"minecraft:dandelion":9,"minecraft:gravel":160,"minecraft:spruce_sapling":289,"minecraft:blast_furnace":6,"minecraft:white_bed":10,"minecraft:spruce_log":2384,"minecraft:dragon_egg":1,"minecraft:crying_obsidian":9,"minecraft:green_carpet":4,"minecraft:spider_eye":6,"minecraft:diamond_shovel":3,"minecraft:slime_ball":7,"minecraft:diamond_axe":2,"minecraft:warped_roots":12,"minecraft:warped_nylium":6,"minecraft:coal":102,"minecraft:ender_pearl":47}},"DataVersion":3700}