{"stats":{"minecraft:killed":{"minecraft:spider":6,"minecraft:horse":3,"minecraft:skeleton":11,"minecraft:pig":7,"minecraft:iron_golem":1,"minecraft:wandering_trader":1,"minecraft:sheep":5,"minecraft:trader_llama":2,"minecraft:zombie":20,"minecraft:enderman":3},"minecraft:broken":{"minecraft:stone_hoe":1,"minecraft:shield":1,"minecraft:iron_axe":2,"minecraft:iron_pickaxe":1},"minecraft:custom":{"minecraft:mob_kills":59,"minecraft:inspect_hopper":4,"minecraft:interact_with_crafting_table":34,"minecraft:bell_ring":11,"minecraft:leave_game":2,"minecraft:time_since_death":393844,"minecraft:climb_one_cm":1035,"minecraft:sprint_one_cm":603118,"minecraft:walk_one_cm":677338,"minecraft:damage_blocked_by_shield":2980,"minecraft:drop":93,"minecraft:talked_to_villager":460,"minecraft:play_time":393844,"minecraft:sneak_time":12257,"minecraft:walk_under_water_one_cm":30520,"minecraft:jump":4537,"minecraft:interact_with_blast_furnace":9,"minecraft:walk_on_water_one_cm":46060,"minecraft:total_world_time":393844,"minecraft:interact_with_furnace":25,"minecraft:traded_with_villager":800,"minecraft:sleep_in_bed":21,"minecraft:time_since_rest":3020,"minecraft:damage_taken":2135,"minecraft:damage_dealt":11648,"minecraft:swim_one_cm":118248,"minecraft:fly_one_cm":856866,"minecraft:open_chest":169,"minecraft:crouch_one_cm":29767,"minecraft:fall_one_cm":112180},"minecraft:mined":{"minecraft:tuff":65,"minecraft:spruce_planks":11,"minecraft:white_bed":10,"minecraft:mossy_cobblestone":2,"minecraft:deepslate_diamond_ore":33,"minecraft:oak_door":1,"minecraft:cobblestone_stairs":3,"minecraft:grass_block":54,"minecraft:spruce_leaves":258,"minecraft:composter":2,"minecraft:oak_trapdoor":2,"minecraft:spruce_sapling":17,"minecraft:furnace":1,"minecraft:fire":12,"minecraft:iron_ore":19,"minecraft:andesite":11,"minecraft:deepslate_lapis_ore":17,"minecraft:fletching_table":20,"minecraft:bell":2,"minecraft:bookshelf":4,"minecraft:deepslate_iron_ore":37,"minecraft:oak_stairs":17,"minecraft:water_cauldron":3,"minecraft:stripped_oak_log":116,"minecraft:stone":54,"minecraft:tripwire":1,"minecraft:deepslate_redstone_ore":16,"minecraft:oak_slab":3,"minecraft:glass_pane":1,"minecraft:dandelion":10,"minecraft:crafting_table":4,"minecraft:short_grass":142,"minecraft:blast_furnace":6,"minecraft:poppy":2,"minecraft:chest":7,"minecraft:lectern":260,"minecraft:tall_grass":30,"minecraft:cobblestone":40,"minecraft:deepslate_gold_ore":23,"minecraft:grindstone":1,"minecraft:sugar_cane":39,"minecraft:oak_planks":112,"minecraft:bricks":1,"minecraft:diorite":1,"minecraft:wall_torch":5,"minecraft:cobblestone_wall":1,"minecraft:wheat":1,"minecraft:spruce_log":1161,"minecraft:yellow_bed":4,"minecraft:coal_ore":45,"minecraft:oak_log":498,"minecraft:gravel":125,"minecraft:sand":17,"minecraft:dirt":76,"minecraft:deepslate":84,"minecraft:oak_leaves":16},"minecraft:used":{"minecraft:oak_trapdoor":6,"minecraft:stone_sword":34,"minecraft:iron_shovel":129,"minecraft:flint_and_steel":11,"minecraft:ladder":1,"minecraft:spruce_planks":31,"minecraft:chest":15,"minecraft:shield":41,"minecraft:iron_sword":31,"minecraft:bell":2,"minecraft:cooked_salmon":12,"minecraft:stone_hoe":215,"minecraft:torch":9,"minecraft:dirt":111,"minecraft:hopper":4,"minecraft:cobblestone_wall":1,"minecraft:tuff":65,"minecraft:glass":4,"minecraft:lava_bucket":8,"minecraft:bookshelf":4,"minecraft:iron_axe":1054,"minecraft:oak_stairs":1,"minecraft:tripwire_hook":2,"minecraft:furnace":4,"minecraft:oak_sapling":2,"minecraft:cooked_cod":5,"minecraft:egg":2,"minecraft:cobbled_deepslate":70,"minecraft:water_bucket":84,"minecraft:diorite":1,"minecraft:stone_pickaxe":5,"minecraft:oak_planks":222,"minecraft:ender_pearl":1,"minecraft:wooden_pickaxe":25,"minecraft:composter":1,"minecraft:diamond_axe":1168,"minecraft:fletching_table":26,"minecraft:sugar_cane":67,"minecraft:sand":12,"minecraft:crafting_table":8,"minecraft:blast_furnace":5,"minecraft:white_bed":10,"minecraft:shears":1,"minecraft:spruce_log":1,"minecraft:oak_log":4,"minecraft:lever":1,"minecraft:diamond_pickaxe":4,"minecraft:diamond_shovel":16,"minecraft:bread":56,"minecraft:string":2,"minecraft:iron_pickaxe":444,"minecraft:lectern":262,"minecraft:spruce_sapling":146,"minecraft:gravel":31,"minecraft:stone_axe":69,"minecraft:green_carpet":4,"minecraft:diamond_sword":127,"minecraft:cobblestone":24,"minecraft:grindstone":2,"minecraft:smithing_table":1,"minecraft:andesite":7,"minecraft:bucket":92,"minecraft:yellow_bed":4,"minecraft:dandelion":1},"minecraft:crafted":{"minecraft:grindstone":1,"minecraft:oak_planks":2428,"minecraft:tripwire_hook":2,"minecraft:diamond_hoe":3,"minecraft:furnace":4,"minecraft:stone":3,"minecraft:lever":1,"minecraft:diamond_shovel":3,"minecraft:bookshelf":6,"minecraft:flint_and_steel":1,"minecraft:oak_trapdoor":4,"minecraft:glass":4,"minecraft:hopper":4,"minecraft:diamond_helmet":1,"minecraft:iron_boots":10,"minecraft:diamond_leggings":1,"minecraft:iron_axe":36,"minecraft:stone_pickaxe":1,"minecraft:chest":16,"minecraft:diamond_boots":1,"minecraft:stone_hoe":2,"minecraft:oak_slab":18,"minecraft:diamond_sword":1,"minecraft:emerald":663,"minecraft:diamond_axe":11,"minecraft:crafting_table":4,"minecraft:spruce_planks":4452,"minecraft:wooden_pickaxe":1,"minecraft:smithing_table":1,"minecraft:fletching_table":6,"minecraft:bucket":1,"minecraft:stone_axe":11,"minecraft:enchanted_book":2,"minecraft:bread":144,"minecraft:air":0,"minecraft:apple":44,"minecraft:lectern":2,"minecraft:book":4,"minecraft:paper":9,"minecraft:diamond_pickaxe":1,"minecraft:shield":7,"minecraft:iron_ingot":53,"minecraft:stick":13048,"minecraft:stone_slab":6,"minecraft:chainmail_boots":12,"minecraft:iron_pickaxe":2,"minecraft:stone_sword":1,"minecraft:iron_shovel":4,"minecraft:shears":1,"minecraft:diamond_chestplate":1},"minecraft:picked_up":{"minecraft:crafting_table":4,"minecraft:ladder":1,"minecraft:lead":2,"minecraft:wooden_pickaxe":1,"minecraft:oak_stairs":17,"minecraft:potion":5,"minecraft:oak_trapdoor":2,"minecraft:string":2214,"minecraft:cooked_salmon":12,"minecraft:iron_shovel":1,"minecraft:cobbled_deepslate":87,"minecraft:spruce_planks":14,"minecraft:poppy":3,"minecraft:lectern":260,"minecraft:sugar_cane":76,"minecraft:chest":7,"minecraft:egg":3,"minecraft:furnace":1,"minecraft:raw_iron":86,"minecraft:stick":73,"minecraft:oak_door":1,"minecraft:composter":2,"minecraft:torch":14,"minecraft:porkchop":14,"minecraft:diorite":1,"minecraft:redstone":69,"minecraft:prismarine_crystals":23,"minecraft:cauldron":3,"minecraft:tnt":14,"minecraft:arrow":5,"minecraft:rotten_flesh":12,"minecraft:cooked_cod":26,"minecraft:gold_ingot":37,"minecraft:mutton":7,"minecraft:white_wool":5,"minecraft:cobblestone":94,"minecraft:stripped_oak_log":115,"minecraft:leather_chestplate":2,"minecraft:glow_ink_sac":2,"minecraft:andesite":12,"minecraft:leather":7,"minecraft:potato":1,"minecraft:flint":13,"minecraft:tuff":65,"minecraft:oak_log":496,"minecraft:cobblestone_stairs":3,"minecraft:yellow_bed":4,"minecraft:cobblestone_wall":1,"minecraft:lapis_lazuli":113,"minecraft:dirt":126,"minecraft:bone":6,"minecraft:wheat_seeds":20,"minecraft:raw_gold":23,"minecraft:grindstone":1,"minecraft:bell":2,"minecraft:heart_of_the_sea":7,"minecraft:iron_ingot":59,"minecraft:fletching_table":20,"minecraft:oak_planks":111,"minecraft:iron_sword":3,"minecraft:book":12,"minecraft:oak_slab":3,"minecraft:dandelion":9,"minecraft:gravel":108,"minecraft:sand":17,"minecraft:green_carpet":4,"minecraft:spruce_sapling":153,"minecraft:blast_furnace":6,"minecraft:grass_block":1,"minecraft:white_bed":10,"minecraft:spruce_log":1159,"minecraft:spider_eye":4,"minecraft:mossy_cobblestone":2,"minecraft:diamond":39,"minecraft:emerald":37,"minecraft:oak_sapling":4,"minecraft:bricks":1,"minecraft:coal":89,"minecraft:ender_pearl":2},"minecraft:dropped":{"minecraft:stone_hoe":1,"minecraft:bread":64,"minecraft:iron_sword":2,"minecraft:porkchop":14,"minecraft:wheat_seeds":18,"minecraft:glow_ink_sac":2,"minecraft:lead":2,"minecraft:cobblestone":4,"minecraft:prismarine_crystals":23,"minecraft:stick":7,"minecraft:torch":4,"minecraft:mutton":7,"minecraft:potion":5,"minecraft:heart_of_the_sea":7,"minecraft:iron_axe":3,"minecraft:sand":1,"minecraft:iron_shovel":1,"minecraft:string":19,"minecraft:white_wool":1,"minecraft:dandelion":8,"minecraft:oak_door":1,"minecraft:gravel":60,"minecraft:furnace":1,"minecraft:stone_sword":1,"minecraft:cobbled_deepslate":1,"minecraft:composter":1,"minecraft:rotten_flesh":12,"minecraft:oak_planks":1,"minecraft:iron_boots":1,"minecraft:poppy":3,"minecraft:leather_chestplate":2,"minecraft:potato":1,"minecraft:spruce_planks":3,"minecraft:andesite":5,"minecraft:oak_sapling":2,"minecraft:spider_eye":4,"minecraft:wooden_pickaxe":2,"minecraft:egg":1}},"DataVersion":3700}