{"stats":{"minecraft:killed":{"minecraft:spider":5,"minecraft:skeleton":10,"minecraft:pig":7,"minecraft:iron_golem":1,"minecraft:sheep":4,"minecraft:zombie":18,"minecraft:enderman":3},"minecraft:broken":{"minecraft:stone_hoe":1,"minecraft:shield":1,"minecraft:iron_axe":2,"minecraft:iron_pickaxe":1},"minecraft:custom":{"minecraft:mob_kills":48,"minecraft:interact_with_crafting_table":22,"minecraft:bell_ring":10,"minecraft:leave_game":2,"minecraft:time_since_death":285844,"minecraft:sprint_one_cm":452258,"minecraft:walk_one_cm":425366,"minecraft:damage_blocked_by_shield":2980,"minecraft:drop":67,"minecraft:talked_to_villager":112,"minecraft:play_time":285844,"minecraft:sneak_time":8747,"minecraft:walk_under_water_one_cm":18829,"minecraft:jump":3399,"minecraft:walk_on_water_one_cm":32212,"minecraft:total_world_time":285844,"minecraft:interact_with_furnace":20,"minecraft:traded_with_villager":544,"minecraft:sleep_in_bed":13,"minecraft:time_since_rest":34869,"minecraft:damage_taken":1808,"minecraft:damage_dealt":9608,"minecraft:swim_one_cm":99323,"minecraft:fly_one_cm":647003,"minecraft:open_chest":72,"minecraft:crouch_one_cm":20598,"minecraft:fall_one_cm":83215},"minecraft:used":{"minecraft:stone_sword":34,"minecraft:iron_shovel":129,"minecraft:spruce_planks":31,"minecraft:chest":7,"minecraft:shield":41,"minecraft:iron_sword":31,"minecraft:bell":2,"minecraft:cooked_salmon":12,"minecraft:stone_hoe":215,"minecraft:torch":6,"minecraft:dirt":55,"minecraft:cobblestone_wall":1,"minecraft:tuff":36,"minecraft:iron_axe":1054,"minecraft:furnace":4,"minecraft:oak_sapling":2,"minecraft:cooked_cod":5,"minecraft:egg":1,"minecraft:cobbled_deepslate":63,"minecraft:water_bucket":54,"minecraft:diorite":1,"minecraft:stone_pickaxe":5,"minecraft:oak_planks":184,"minecraft:ender_pearl":1,"minecraft:wooden_pickaxe":25,"minecraft:composter":1,"minecraft:diamond_axe":733,"minecraft:fletching_table":26,"minecraft:sand":12,"minecraft:crafting_table":6,"minecraft:blast_furnace":5,"minecraft:white_bed":10,"minecraft:spruce_log":1,"minecraft:oak_log":4,"minecraft:bread":40,"minecraft:iron_pickaxe":408,"minecraft:spruce_sapling":146,"minecraft:gravel":31,"minecraft:stone_axe":69,"minecraft:diamond_sword":94,"minecraft:cobblestone":24,"minecraft:grindstone":2,"minecraft:smithing_table":1,"minecraft:andesite":7,"minecraft:bucket":55,"minecraft:yellow_bed":4,"minecraft:dandelion":1},"minecraft:mined":{"minecraft:tuff":65,"minecraft:spruce_planks":11,"minecraft:white_bed":10,"minecraft:mossy_cobblestone":2,"minecraft:deepslate_diamond_ore":19,"minecraft:oak_door":1,"minecraft:cobblestone_stairs":3,"minecraft:grass_block":18,"minecraft:spruce_leaves":250,"minecraft:composter":2,"minecraft:spruce_sapling":17,"minecraft:furnace":1,"minecraft:iron_ore":19,"minecraft:andesite":11,"minecraft:deepslate_lapis_ore":13,"minecraft:fletching_table":20,"minecraft:bell":2,"minecraft:deepslate_iron_ore":29,"minecraft:oak_stairs":16,"minecraft:water_cauldron":3,"minecraft:stripped_oak_log":116,"minecraft:stone":54,"minecraft:deepslate_redstone_ore":16,"minecraft:oak_slab":3,"minecraft:dandelion":10,"minecraft:crafting_table":4,"minecraft:short_grass":114,"minecraft:blast_furnace":6,"minecraft:poppy":1,"minecraft:chest":7,"minecraft:tall_grass":23,"minecraft:cobblestone":36,"minecraft:deepslate_gold_ore":19,"minecraft:grindstone":1,"minecraft:sugar_cane":27,"minecraft:oak_planks":12,"minecraft:bricks":1,"minecraft:diorite":1,"minecraft:wall_torch":5,"minecraft:cobblestone_wall":1,"minecraft:wheat":1,"minecraft:spruce_log":1114,"minecraft:yellow_bed":4,"minecraft:coal_ore":45,"minecraft:oak_log":479,"minecraft:gravel":117,"minecraft:sand":13,"minecraft:dirt":40,"minecraft:deepslate":78,"minecraft:oak_leaves":16},"minecraft:crafted":{"minecraft:grindstone":1,"minecraft:oak_planks":2352,"minecraft:furnace":4,"minecraft:stone":3,"minecraft:diamond_helmet":1,"minecraft:iron_boots":10,"minecraft:diamond_leggings":1,"minecraft:iron_axe":36,"minecraft:stone_pickaxe":1,"minecraft:diamond_boots":1,"minecraft:stone_hoe":2,"minecraft:diamond_sword":1,"minecraft:emerald":434,"minecraft:diamond_axe":7,"minecraft:crafting_table":4,"minecraft:spruce_planks":4452,"minecraft:wooden_pickaxe":1,"minecraft:smithing_table":1,"minecraft:fletching_table":6,"minecraft:bucket":1,"minecraft:stone_axe":11,"minecraft:bread":102,"minecraft:air":0,"minecraft:apple":44,"minecraft:shield":7,"minecraft:iron_ingot":2,"minecraft:stick":13044,"minecraft:stone_slab":6,"minecraft:chainmail_boots":12,"minecraft:iron_pickaxe":2,"minecraft:stone_sword":1,"minecraft:iron_shovel":1,"minecraft:diamond_chestplate":1},"minecraft:picked_up":{"minecraft:crafting_table":4,"minecraft:wooden_pickaxe":1,"minecraft:oak_stairs":16,"minecraft:potion":5,"minecraft:string":6,"minecraft:cooked_salmon":12,"minecraft:iron_shovel":1,"minecraft:cobbled_deepslate":81,"minecraft:spruce_planks":14,"minecraft:poppy":2,"minecraft:sugar_cane":61,"minecraft:chest":7,"minecraft:egg":2,"minecraft:furnace":1,"minecraft:raw_iron":78,"minecraft:stick":73,"minecraft:oak_door":1,"minecraft:composter":2,"minecraft:torch":9,"minecraft:porkchop":14,"minecraft:diorite":1,"minecraft:redstone":69,"minecraft:prismarine_crystals":23,"minecraft:cauldron":3,"minecraft:tnt":14,"minecraft:arrow":5,"minecraft:rotten_flesh":12,"minecraft:cooked_cod":26,"minecraft:gold_ingot":37,"minecraft:mutton":5,"minecraft:white_wool":4,"minecraft:cobblestone":93,"minecraft:stripped_oak_log":115,"minecraft:leather_chestplate":2,"minecraft:andesite":12,"minecraft:potato":1,"minecraft:flint":12,"minecraft:tuff":65,"minecraft:oak_log":477,"minecraft:cobblestone_stairs":3,"minecraft:yellow_bed":4,"minecraft:cobblestone_wall":1,"minecraft:lapis_lazuli":86,"minecraft:dirt":55,"minecraft:bone":6,"minecraft:wheat_seeds":15,"minecraft:raw_gold":19,"minecraft:grindstone":1,"minecraft:bell":2,"minecraft:heart_of_the_sea":7,"minecraft:iron_ingot":59,"minecraft:fletching_table":20,"minecraft:oak_planks":12,"minecraft:iron_sword":3,"minecraft:oak_slab":3,"minecraft:dandelion":9,"minecraft:gravel":104,"minecraft:sand":13,"minecraft:spruce_sapling":152,"minecraft:blast_furnace":6,"minecraft:grass_block":1,"minecraft:white_bed":10,"minecraft:spruce_log":1114,"minecraft:spider_eye":2,"minecraft:mossy_cobblestone":2,"minecraft:diamond":25,"minecraft:emerald":37,"minecraft:oak_sapling":4,"minecraft:bricks":1,"minecraft:coal":89,"minecraft:ender_pearl":2},"minecraft:dropped":{"minecraft:stone_hoe":1,"minecraft:bread":64,"minecraft:iron_sword":2,"minecraft:porkchop":14,"minecraft:wheat_seeds":12,"minecraft:cobblestone":3,"minecraft:prismarine_crystals":23,"minecraft:stick":7,"minecraft:torch":2,"minecraft:mutton":5,"minecraft:potion":5,"minecraft:heart_of_the_sea":7,"minecraft:iron_axe":3,"minecraft:sand":1,"minecraft:iron_shovel":1,"minecraft:dandelion":8,"minecraft:oak_door":1,"minecraft:gravel":56,"minecraft:furnace":1,"minecraft:stone_sword":1,"minecraft:cobbled_deepslate":1,"minecraft:composter":1,"minecraft:iron_boots":1,"minecraft:poppy":2,"minecraft:leather_chestplate":2,"minecraft:spruce_planks":3,"minecraft:andesite":5,"minecraft:oak_sapling":2,"minecraft:spider_eye":1,"minecraft:wooden_pickaxe":2,"minecraft:egg":1}},"DataVersion":3700}